Customer ID,Recency,Frequency,Monetary,Profit,Quantity,Cluster
AA-10315,185,5,5563.56,-362.8825000000002,30,0
AA-10375,20,9,1056.39,277.3824,41,0
AA-10480,260,4,1790.5120000000002,435.82739999999995,36,1
AA-10645,56,6,5086.9349999999995,857.8033,64,0
AB-10015,416,3,886.156,129.34650000000002,13,1
AB-10060,55,8,7755.620000000001,2054.5885,56,0
AB-10105,42,10,14473.570999999998,5444.8055,73,0
AB-10150,42,5,966.71,313.6597,37,0
AB-10165,26,8,1113.838,220.813,48,0
AB-10255,167,9,914.5319999999999,264.5675,39,0
AB-10600,51,4,1515.862,-274.96040000000016,38,0
AC-10420,233,3,925.8000000000001,-62.13420000000007,17,1
AC-10450,12,7,5527.846,1366.0097999999998,43,0
AC-10615,7,5,2537.6859999999997,298.82730000000004,59,0
AC-10660,283,5,657.316,-28.700400000000013,16,1
AD-10180,30,8,6106.88,1869.9294,40,0
AF-10870,42,7,2052.908,317.97120000000007,51,0
AF-10885,416,4,861.565,-163.11749999999998,37,1
AG-10270,279,5,2582.8979999999997,732.7398999999999,58,0
AG-10300,119,4,367.548,59.288399999999996,16,1
AG-10330,9,5,660.972,-5.137099999999979,47,0
AG-10390,115,5,200.945,69.2784,33,1
AG-10495,79,8,2356.855,295.6668000000001,93,0
AG-10525,846,4,1455.038,-152.76130000000003,33,1
AG-10675,98,7,3489.0396000000005,-246.4257000000001,54,0
AG-10765,78,4,170.584,-8.431000000000033,20,1
AG-10900,97,10,4510.797,343.68239999999986,92,0
AH-10030,13,7,1744.7,365.2151999999999,54,0
AH-10075,35,10,3250.337,281.1889999999999,75,0
AH-10120,61,7,1735.5140000000001,-2.3146000000000413,65,0
AH-10195,56,4,1587.452,-378.5508999999999,28,1
AH-10210,7,9,4805.344,1308.5546,53,0
AH-10465,231,5,2495.3915999999995,-196.12010000000024,35,0
AH-10585,22,4,738.504,83.96300000000002,17,1
AH-10690,411,12,7888.294,1298.0165999999995,102,0
AI-10855,14,10,4375.786,867.7271000000001,72,0
AJ-10780,76,7,4867.344,150.71299999999982,62,0
AJ-10795,167,7,4501.391,1158.7064,88,0
AJ-10945,86,7,1839.24,521.1351999999999,40,0
AJ-10960,75,3,629.2479999999999,60.42649999999998,22,1
AM-10360,29,5,814.012,194.9878,48,0
AM-10705,163,8,5664.022,1085.7325999999998,81,0
AO-10810,502,1,161.28,12.095999999999997,2,1
AP-10720,42,8,1638.554,285.7887999999999,85,0
AP-10915,99,10,3323.556,579.3113,102,0
AR-10345,112,4,1055.694,-221.0544000000001,18,1
AR-10405,126,5,2236.1279999999997,-98.76459999999983,29,0
AR-10510,15,5,264.86400000000003,43.66949999999999,33,1
AR-10540,7,6,6608.448,2884.6207999999997,33,0
AR-10570,535,1,88.15,32.632999999999996,6,1
AR-10825,59,8,4523.336,494.83520000000004,54,0
AS-10045,89,7,3050.692,-253.5746000000003,48,0
AS-10090,29,9,3255.31,64.53740000000002,81,0
AS-10135,42,2,58.82,21.8496,9,1
AS-10225,23,5,4260.784,719.7750999999998,41,0
AS-10240,193,7,584.6080000000001,33.715799999999966,39,1
AS-10285,20,6,3214.236,354.6276,39,0
AS-10630,93,7,833.398,136.49189999999996,34,0
AT-10435,22,6,1171.814,100.87679999999999,28,0
AT-10735,14,10,3831.864,974.107,60,0
AW-10840,21,4,649.3760000000001,65.77249999999998,24,1
AW-10930,47,7,2852.9680000000003,-104.54860000000019,68,0
AY-10555,15,4,497.014,103.34989999999999,34,1
AZ-10750,161,6,1622.018,154.95029999999997,40,0
BB-10990,106,5,744.34,11.583899999999957,26,1
BB-11545,29,9,6765.728,1015.0749999999995,83,0
BC-11125,203,9,2933.6760000000004,251.5974,60,0
BD-11320,34,12,5718.521000000001,1094.5036999999998,75,0
BD-11500,36,6,4411.243,1142.1225000000002,49,0
BD-11560,279,2,320.54,116.714,11,1
BD-11605,98,7,3288.471,634.8462999999999,74,0
BD-11620,70,6,1538.1100000000001,206.75689999999994,27,0
BD-11635,10,3,582.6460000000001,141.53399999999996,19,1
BD-11725,94,6,1526.5,333.9791,29,0
BD-11770,328,6,658.466,141.26499999999996,21,1
BE-11335,120,5,4204.676,1487.7739000000001,35,0
BE-11410,99,5,2261.438,755.9150999999997,19,1
BE-11455,255,6,1727.6520000000003,139.2007999999999,40,0
BF-10975,92,7,599.798,227.43839999999994,38,0
BF-11005,40,4,1333.88,-291.3811000000001,26,1
BF-11020,75,8,2888.5060000000003,302.02,78,0
BF-11080,26,3,272.95,110.92719999999998,29,1
BF-11170,17,11,5907.972000000001,1538.2127,102,0
BF-11215,66,4,1585.162,523.2133,48,0
BF-11275,58,3,791.9899999999999,25.87019999999999,11,1
BG-11035,29,8,2798.948,-711.4274000000001,35,0
BG-11695,37,6,1874.1719999999998,107.5714999999998,24,0
BG-11740,58,6,1006.356,119.34789999999995,22,1
BH-11710,24,8,6255.351000000001,802.7897999999999,97,0
BK-11260,78,6,659.1379999999999,-63.764400000000045,58,0
BM-11140,308,4,11789.63,-1659.958100000002,64,0
BM-11575,101,6,808.162,95.5816,22,1
BM-11650,34,11,7294.185,2199.2780999999995,95,0
BM-11785,219,10,1338.842,137.74389999999994,44,0
BN-11470,25,4,265.296,36.61309999999998,15,1
BN-11515,10,5,1459.344,340.70539999999994,79,0
BO-11350,138,5,2682.728,278.777,43,0
BO-11425,76,2,130.83,59.45219999999999,7,1
BP-11050,84,5,983.42,209.78300000000002,30,1
BP-11095,18,12,2442.044,433.9750999999999,70,0
BP-11155,90,6,1697.8609999999999,647.3847000000001,32,0
BP-11185,2,9,3675.861,363.5990999999999,69,0
BP-11230,40,5,1181.49,-197.2695,14,1
BP-11290,13,7,2475.157,-319.0637000000001,51,0
BS-11365,559,5,10501.653,2616.0643999999998,39,0
BS-11380,29,5,3887.834,-17.53219999999999,58,0
BS-11590,36,6,2454.928,381.7807,41,0
BS-11665,583,3,3288.1100000000006,238.7367999999999,47,1
BS-11755,2,7,2562.382,-113.29840000000004,45,0
BS-11800,266,2,949.4300000000001,194.0516,22,1
BT-11305,337,5,2567.656,417.59180000000003,33,1
BT-11395,303,6,2186.6130000000003,257.91629999999986,38,0
BT-11440,561,4,603.876,-77.52560000000003,16,1
BT-11485,660,2,415.19599999999997,126.86939999999997,11,1
BT-11530,92,5,2684.492,409.4983,44,0
BT-11680,21,7,3196.752,447.7483999999999,88,0
BV-11245,335,5,1523.2730000000001,315.2214,49,0
BW-11065,213,3,385.516,-58.286599999999964,8,1
BW-11110,122,8,4750.358,921.2573999999995,74,0
BW-11200,204,6,1738.406,246.9973,49,0
CA-11965,97,6,3789.7228,1143.3817000000001,29,0
CA-12055,402,5,1679.7240000000002,211.25589999999994,49,0
CA-12265,57,9,2648.2872,279.6183000000001,65,0
CA-12310,14,4,1421.954,246.02179999999998,25,1
CA-12775,121,7,3041.5660000000003,204.4895,72,0
CB-12025,48,10,6076.139,150.20889999999943,122,0
CB-12415,27,8,1949.2,272.3883,44,0
CB-12535,198,8,4246.4555,1049.5600999999997,74,0
CC-12100,458,6,1770.9450000000002,208.59119999999987,46,0
CC-12145,107,7,2471.65,392.28249999999974,31,0
CC-12220,21,12,3913.4179999999997,393.9618,81,0
CC-12370,44,5,12129.072,2177.049299999999,34,0
CC-12430,1,10,2870.05,424.65829999999977,63,0
CC-12475,40,9,1659.438,154.85099999999989,40,0
CC-12550,28,3,113.832,33.87060000000001,14,1
CC-12610,35,7,2540.631,331.43399999999986,39,0
CC-12670,30,7,2269.7015,187.83989999999986,47,0
CC-12685,800,4,2854.1150000000002,850.1591000000001,51,1
CD-11920,41,5,2033.968,426.66100000000006,35,0
CD-11980,55,3,639.7660000000001,-206.71720000000013,22,1
CD-12280,43,2,1205.584,233.0274,39,1
CD-12790,400,5,1860.732,403.8421999999999,49,0
CG-12040,50,6,904.4680000000001,86.51059999999997,37,0
CG-12520,339,3,1148.78,169.93439999999998,14,1
CH-12070,692,3,1537.236,195.15109999999981,13,1
CJ-11875,366,1,16.520000000000003,1.6519999999999992,5,1
CJ-12010,190,8,11164.974,858.7413999999995,83,0
CK-12205,40,13,3154.855,141.2831,122,0
CK-12325,121,5,2945.321,261.2208999999999,46,0
CK-12595,44,11,2372.75,497.7098,108,0
CK-12760,83,9,1582.1090000000002,-338.4311000000002,64,0
CL-11890,107,4,1262.0140000000001,328.08470000000005,24,1
CL-12565,285,12,10880.546,1933.7830999999994,106,0
CL-12700,106,5,2353.586,229.00989999999982,34,0
CM-11815,132,6,1673.8880000000001,214.46299999999994,38,0
CM-11935,709,2,565.392,-43.73239999999997,18,1
CM-12115,9,4,1661.6100000000001,409.0679,35,0
CM-12160,27,6,2533.314,-394.36860000000024,23,0
CM-12190,9,6,1475.144,91.20330000000001,21,0
CM-12235,386,5,2305.712,365.0387,28,1
CM-12385,38,4,8954.019999999999,3899.8903999999998,34,0
CM-12445,437,3,287.99,64.4296,32,1
CM-12655,28,6,6339.5576,1572.4585000000002,42,0
CM-12715,1036,4,3984.4524,176.31079999999972,57,0
CP-12085,83,8,5402.253999999999,427.02580000000006,57,0
CP-12340,161,8,5888.275,-1850.3029000000001,59,0
CR-12580,58,4,2148.8519999999994,74.40130000000002,32,0
CR-12625,471,3,475.9000000000001,144.75939999999997,14,1
CR-12730,79,4,1600.55,306.9176,18,1
CR-12820,86,3,1397.8724,83.27029999999996,26,1
CS-11845,92,5,1278.954,185.37759999999986,22,1
CS-11860,163,6,537.632,105.82749999999999,16,1
CS-11950,26,11,3036.547,-126.42230000000013,68,0
CS-12130,490,4,884.6400000000001,143.8339,28,1
CS-12175,233,5,844.4580000000001,113.14049999999996,30,1
CS-12250,27,12,2754.216,738.3625999999999,97,0
CS-12355,7,11,3202.162,831.9431999999999,74,0
CS-12400,3,9,3651.8585000000003,-342.80330000000015,47,0
CS-12460,28,2,550.644,156.2593,13,1
CS-12490,425,4,1077.2285000000002,-302.8761000000001,33,1
CS-12505,59,6,5690.055,-6626.389500000001,40,1
CT-11995,97,8,3241.898,161.2262999999998,60,0
CV-12295,255,5,2830.6279999999997,493.0861,54,0
CV-12805,6,9,2370.3136,98.99749999999979,62,0
CW-11905,23,6,1136.592,370.8298,40,0
CY-12745,61,8,2900.0260000000003,60.64669999999981,43,0
Co-12640,550,5,1300.076,205.62820000000002,30,1
DA-13450,353,4,156.76,56.79039999999999,27,1
DB-12910,22,8,2171.599,431.3747999999999,47,0
DB-12970,242,5,2839.2272,213.0028999999998,43,0
DB-13060,17,7,4531.646000000001,473.02720000000005,48,0
DB-13120,49,7,2973.094,-1421.7692000000002,59,0
DB-13210,10,10,2332.5769999999998,169.9679,75,0
DB-13270,54,8,4655.897,841.8263999999999,52,0
DB-13360,265,5,1081.466,291.00849999999997,28,1
DB-13405,188,4,1711.692,438.90919999999994,62,0
DB-13555,108,7,3908.8028,109.32699999999997,61,0
DB-13615,34,7,1989.05,438.8012,41,0
DB-13660,13,7,1155.202,177.67350000000002,33,0
DC-12850,38,9,3336.1680000000006,-1441.6312999999998,64,0
DC-13285,24,5,1174.618,132.06820000000002,37,0
DD-13570,42,6,269.54200000000003,36.4344,33,1
DE-13255,720,5,2550.874,464.4714000000001,38,1
DF-13135,701,3,2390.534,-259.30969999999996,23,1
DG-13300,33,5,3195.818,562.7761,39,0
DH-13075,278,6,4932.872,1193.7404,81,0
DH-13675,777,4,1043.096,116.667,41,1
DJ-13420,638,4,2012.52,483.03499999999997,20,1
DJ-13510,49,8,2501.688,345.2520999999999,52,0
DJ-13630,13,3,3356.398,731.5643999999999,43,0
DK-12835,22,12,3256.48,881.1228,86,0
DK-12895,46,5,4282.176,937.6496,65,0
DK-12985,8,5,1687.04,-107.35379999999995,32,0
DK-13090,43,7,2650.557,536.3934999999999,33,0
DK-13150,11,2,797.832,249.9447,20,1
DK-13225,11,9,4802.394,209.89940000000016,70,0
DK-13375,20,8,3318.486,377.07989999999995,77,0
DL-12865,101,8,1503.112,322.2448999999999,51,0
DL-12925,58,6,3272.2,4.213200000000029,43,0
DL-13315,23,8,1458.258,288.8732,74,0
DL-13330,58,4,585.02,222.68120000000005,32,1
DL-13495,77,8,3539.322,-52.78800000000001,33,0
DM-12955,115,7,1322.034,108.75829999999999,28,0
DM-13015,58,7,6345.103,1677.3931,87,0
DM-13345,23,8,4074.4720000000007,1319.0585999999998,41,0
DM-13525,482,3,1376.792,199.76880000000003,33,1
DN-13690,218,7,2139.79,540.5405000000001,41,0
DO-13435,134,9,1300.0315,-38.90859999999995,48,0
DO-13645,27,7,1267.316,294.06759999999997,36,0
DP-13000,127,9,1050.636,241.45239999999995,58,0
DP-13105,7,8,2215.002,563.1761,63,0
DP-13165,813,2,1058.616,-40.937600000000074,20,1
DP-13390,359,9,5480.724,1571.8318,50,0
DR-12880,4,9,6528.034000000001,1641.8613,103,0
DR-12940,51,8,8350.868,2869.0759999999996,57,0
DS-13030,94,4,1762.213,193.33190000000002,54,0
DS-13180,24,9,2881.8128,163.69929999999994,68,0
DV-13045,20,5,1119.4830000000002,-427.184,28,0
DV-13465,30,6,3341.5870000000004,353.21269999999987,62,0
DW-13195,70,6,1080.751,-86.87379999999996,39,0
DW-13480,218,5,5271.628,1348.7555999999997,38,0
DW-13540,99,5,344.08000000000004,69.66720000000001,21,1
DW-13585,243,7,1204.854,-266.8966,44,0
Dl-13600,120,5,755.602,175.23879999999997,19,1
Dp-13240,85,11,7198.7609999999995,333.36479999999995,99,0
EA-14035,153,13,2846.705,-52.74060000000006,87,0
EB-13705,49,9,3644.978,13.62149999999992,55,0
EB-13750,36,10,3236.314,-80.28600000000006,91,0
EB-13840,91,5,4358.128,656.1988,41,0
EB-13870,101,10,2767.219,261.53149999999994,41,0
EB-13930,162,5,944.5999999999999,0.6042000000000307,24,1
EB-13975,1,4,1643.255,162.8780999999999,18,0
EB-14110,114,6,3071.126,184.76559999999995,30,0
EB-14170,83,6,1186.326,282.17010000000005,20,1
EC-14050,54,5,461.914,96.42559999999997,37,1
ED-13885,136,8,3484.92,670.4434999999997,54,0
EG-13900,23,5,1832.02,104.26559999999992,44,0
EH-13765,136,12,10310.880000000001,1393.5153999999995,120,0
EH-13945,218,8,684.171,53.53979999999997,72,0
EH-13990,406,6,825.95,150.3759,20,1
EH-14005,3,7,1219.53,-94.14079999999993,50,0
EH-14125,153,10,3082.6530000000002,96.27019999999993,76,0
EH-14185,106,6,923.884,242.11069999999998,22,1
EJ-13720,303,4,2162.174,387.01759999999996,31,1
EJ-14155,58,5,2656.6910000000003,451.87549999999993,31,0
EK-13795,45,4,1303.478,97.10660000000001,18,1
EL-13735,78,2,124.28,27.11539999999999,9,1
EM-13810,133,5,2567.01,-133.8275000000003,23,1
EM-13825,56,8,2339.598,682.5542,57,0
EM-13960,152,5,933.7040000000001,102.29600000000002,18,1
EM-14065,48,4,228.99,40.154599999999995,22,1
EM-14095,114,4,1041.0420000000001,240.23619999999994,34,1
EM-14140,49,6,4588.436,1319.3654999999999,74,0
EM-14200,159,3,366.822,21.772099999999963,13,1
EN-13780,288,4,2199.366,496.1130999999999,27,1
EP-13915,13,17,5478.0608,144.9577999999999,124,0
ER-13855,422,3,1245.7880000000002,-295.7398000000002,27,1
ES-14020,41,5,3510.458,1003.2935,31,0
ES-14080,29,9,4657.924,246.66609999999991,77,0
FA-14230,98,7,2984.054,520.5229,58,0
FC-14245,71,7,3418.742,1217.1662000000001,50,0
FC-14335,185,7,3889.366,714.2926,37,0
FG-14260,35,7,1383.144,394.73969999999997,48,0
FH-14275,38,10,4256.272,1073.2676,65,0
FH-14350,213,4,2271.284,706.289,52,0
FH-14365,6,8,6987.196000000001,2050.2825999999995,52,0
FM-14215,8,10,2456.638,249.68080000000006,48,0
FM-14290,37,9,3736.1979999999994,198.1094999999999,79,0
FM-14380,146,9,2523.266,191.4898,53,0
FO-14305,39,10,2678.438,215.59689999999978,60,0
FP-14320,24,8,4046.746,406.4472999999998,54,0
FW-14395,363,3,79.75,23.491300000000003,9,1
GA-14515,150,8,3919.7760000000003,840.8989999999998,48,0
GA-14725,6,11,1398.382,136.7079,79,0
GB-14530,63,11,1568.44,7.837099999999966,62,0
GB-14575,14,5,4716.288,1135.8392999999999,63,0
GD-14590,6,4,1888.07,230.93729999999988,25,0
GG-14650,44,9,2224.0,12.69849999999992,92,0
GH-14410,76,9,2819.467,-576.8335000000002,65,0
GH-14425,51,4,4172.8460000000005,1176.4180999999999,51,0
GH-14485,388,2,1361.2440000000004,-95.44980000000012,15,1
GH-14665,3,2,146.9408,-5.810199999999995,9,1
GK-14620,113,9,6497.27,1448.5525000000002,66,0
GM-14440,84,7,3582.8199999999997,347.2659999999999,43,0
GM-14455,17,6,3078.6240000000003,793.2814,54,0
GM-14500,107,10,1255.682,441.3184999999999,53,0
GM-14680,153,6,3163.628,35.48650000000001,31,0
GM-14695,118,3,6049.965999999999,188.72350000000003,44,0
GP-14740,766,2,236.53000000000003,31.837600000000002,21,1
GR-14560,1136,2,1284.38,359.83320000000003,23,1
GT-14635,57,3,9351.212,-4108.658899999999,26,1
GT-14710,37,11,11820.12,2163.4268999999995,106,0
GT-14755,35,4,226.436,-6.1392000000000255,23,1
GW-14605,29,7,2189.0190000000002,-268.54230000000007,43,0
GZ-14470,8,9,4355.150000000001,1087.7539,48,0
GZ-14545,158,4,2454.6220000000003,828.6610000000001,25,1
HA-14905,70,7,2163.3,270.85740000000004,45,0
HA-14920,21,8,2584.158,99.14449999999988,72,0
HD-14785,770,3,251.35999999999999,-135.8760000000001,31,1
HE-14800,13,4,883.532,274.40279999999996,44,0
HF-14995,22,7,2533.164,-13.876800000000088,70,0
HG-14845,55,5,785.628,147.0032,31,1
HG-14965,24,12,3247.6420000000003,-2797.9635000000007,68,0
HG-15025,7,7,3690.284,804.6112999999999,38,0
HH-15010,73,2,218.668,86.7342,20,1
HJ-14875,127,5,358.1,98.6548,21,1
HK-14890,152,8,4877.784,956.9451000000001,64,0
HL-15040,44,6,12873.297999999999,5622.4292000000005,50,0
HM-14860,3,10,8236.7648,2437.9836,76,0
HM-14980,248,4,736.276,117.27550000000002,29,1
HP-14815,31,7,1990.314,373.8636999999998,44,0
HR-14770,14,5,1299.288,185.5794,38,0
HR-14830,160,7,5248.787,1196.9504,51,0
HW-14935,118,8,9300.254,2164.1611,85,0
HZ-14950,36,5,886.52,-130.38789999999995,21,1
IG-15085,72,4,744.5740000000001,320.4982,19,1
IL-15100,143,7,5040.736,1121.9369999999997,60,0
IM-15055,410,3,2872.6300000000006,975.7701,19,1
IM-15070,391,7,4930.474,514.6527,93,0
JA-15970,93,8,6491.026000000001,-819.4217000000001,87,0
JB-15400,8,10,1791.605,156.05319999999983,43,0
JB-15925,738,3,900.5520000000001,-286.98080000000004,32,1
JB-16000,44,7,644.1188,126.76489999999997,32,0
JB-16045,8,5,2518.115,201.5185,32,0
JC-15340,115,4,71.263,-0.3555999999999999,12,1
JC-15385,176,1,1058.1080000000002,502.92440000000005,14,1
JC-15775,159,9,2772.0550000000003,279.5692000000001,64,0
JC-16105,58,5,858.576,201.59519999999995,43,0
JD-15790,118,5,2152.352,-266.5525,26,1
JD-15895,395,11,7610.8640000000005,1050.2667999999999,150,0
JD-16015,113,6,385.43000000000006,26.760499999999983,39,1
JD-16060,301,3,695.442,111.1141,17,1
JD-16150,42,8,8828.0305,1619.5198999999998,60,0
JE-15475,194,6,1388.682,276.21969999999993,49,0
JE-15610,49,7,7754.976,1623.4018999999998,74,0
JE-15715,47,10,8697.843,1262.2925999999993,97,0
JE-15745,52,13,6760.8150000000005,221.7967000000001,90,0
JE-16165,21,3,2697.248,789.6475999999999,34,0
JF-15190,66,7,2279.5860000000002,575.1259,72,0
JF-15295,226,5,955.124,97.28899999999994,42,1
JF-15355,106,6,1911.844,330.199,58,0
JF-15415,3,6,2371.448,635.6376,69,0
JF-15490,122,11,1082.9180000000001,-18.067299999999978,36,0
JF-15565,55,8,4198.332,1073.2087999999999,67,0
JG-15115,759,3,2358.676,684.1911,20,1
JG-15160,2,11,6366.392,1415.6663999999998,70,0
JG-15310,3,6,2240.58,3.7975999999999246,46,0
JG-15805,224,6,1507.018,206.10190000000003,46,0
JH-15430,6,4,309.281,-24.077099999999998,29,1
JH-15820,175,6,528.91,26.082199999999993,29,1
JH-15910,42,7,959.477,-13.554500000000054,35,0
JH-15985,30,6,7954.9980000000005,-644.6982000000005,64,0
JH-16180,405,4,2256.3940000000002,-96.95299999999999,28,1
JJ-15445,484,5,709.178,200.55579999999998,25,1
JJ-15760,754,2,195.0,34.449200000000005,11,1
JK-15205,62,5,4427.142,1219.9829999999997,67,0
JK-15325,288,3,383.812,55.32770000000001,15,1
JK-15370,45,8,2709.632,330.2837999999999,72,0
JK-15625,62,7,3760.028,750.9484999999999,44,0
JK-15640,181,9,4760.434,1172.5303000000001,41,0
JK-15730,85,10,4867.2,55.048299999999976,88,0
JK-16090,29,3,3747.668,586.6624999999998,43,0
JK-16120,118,10,2932.484,122.65659999999995,49,0
JL-15130,9,6,1214.956,-207.7956,42,0
JL-15175,7,5,1571.5230000000001,209.28169999999983,29,0
JL-15235,120,5,2203.7,54.517399999999846,39,0
JL-15505,50,6,3173.874,591.7163000000002,56,0
JL-15835,22,11,9799.923,228.9069999999995,143,0
JL-15850,615,6,2725.256,779.9046,38,0
JM-15250,38,6,3159.1220000000003,19.82349999999999,91,0
JM-15265,38,5,1804.146,502.61429999999996,52,0
JM-15535,103,7,1733.4430000000002,356.5395,46,0
JM-15580,1,5,303.94800000000004,113.12040000000002,26,0
JM-15655,9,5,864.947,117.20399999999995,41,0
JM-15865,110,7,7625.076000000001,1574.6164,50,0
JM-16195,58,10,2833.926,754.1143999999998,74,0
JO-15145,58,9,3254.949,581.4045000000001,59,0
JO-15280,93,6,1934.272,202.13619999999995,36,0
JO-15550,216,5,1090.8380000000002,167.67089999999996,42,1
JP-15460,38,7,1669.135,429.7465000000001,54,0
JP-15520,9,7,3635.594,757.1802,63,0
JP-16135,103,9,1707.71,309.7116,47,0
JR-15670,594,2,1156.6580000000001,-785.1645000000002,14,1
JR-15700,69,1,863.8799999999999,107.98499999999996,3,1
JR-16210,34,5,2201.686,452.37299999999993,41,0
JS-15595,120,4,1417.654,-175.54899999999995,35,1
JS-15685,43,4,1131.064,-54.869200000000085,42,0
JS-15880,535,5,3868.02,564.9798,43,0
JS-15940,464,5,469.16900000000004,-327.93359999999996,37,1
JS-16030,29,6,2516.494,-311.2575,70,0
JW-15220,43,6,7721.714,2173.7093999999997,66,0
JW-15955,6,7,1244.086,-29.575900000000033,41,0
JW-16075,462,4,1428.731,154.06369999999993,38,1
KA-16525,37,7,1519.506,234.9194,57,0
KB-16240,5,7,3152.6150000000002,763.9075999999999,34,0
KB-16315,297,9,1569.4640000000002,49.71929999999991,62,0
KB-16405,118,3,908.821,274.29699999999997,25,1
KB-16585,231,12,2744.742,579.3551,102,0
KB-16600,2,7,983.9219999999999,293.55240000000003,29,0
KC-16255,408,6,2120.954,846.1217,40,0
KC-16540,98,4,3908.262,709.4218999999996,28,0
KC-16675,58,4,1146.05,156.7797,40,1
KD-16270,485,5,8282.358,1107.6951999999994,64,0
KD-16345,42,6,1888.964,328.5942,36,0
KD-16495,113,12,8181.256,3038.6254,84,0
KD-16615,290,5,2243.51,539.7219,56,0
KE-16420,27,8,1686.7312,397.87989999999996,67,0
KF-16285,98,7,10604.266000000001,1660.1386,67,0
KH-16330,41,8,3312.864,454.78709999999984,70,0
KH-16360,2,6,3100.612,528.2051,40,0
KH-16510,23,7,5952.859,656.1161999999999,91,0
KH-16630,59,9,3918.9660000000003,727.3785999999999,84,0
KH-16690,3,7,5990.799000000001,1227.5091000000002,69,0
KL-16555,17,8,5016.488,-182.7813000000001,84,0
KL-16645,48,12,14175.229000000001,806.8549999999996,113,0
KM-16225,15,6,2260.958,635.1057,72,0
KM-16375,57,8,5620.186,973.7902,69,0
KM-16660,16,5,453.538,91.1391,30,1
KM-16720,29,8,4909.472000000001,745.7684999999997,98,0
KN-16390,20,9,2617.272,-151.15179999999992,56,0
KN-16450,53,5,2171.962,114.3082999999999,49,0
KN-16705,99,8,2280.58,329.76250000000005,55,0
KS-16300,296,3,88.47200000000001,0.1109999999999971,10,1
KT-16465,392,7,3057.0999999999995,254.00319999999982,45,0
KT-16480,101,10,4642.0884,194.06709999999998,37,0
KW-16435,97,5,4416.5199999999995,1756.1349999999993,42,0
KW-16570,772,4,449.096,107.92699999999999,22,1
LA-16780,155,11,8673.222,2059.1199,105,0
LB-16735,49,3,50.188,18.6507,12,1
LB-16795,153,8,4985.676,-52.19100000000021,76,0
LC-16870,28,8,2580.7039999999997,-188.2511,113,0
LC-16885,17,12,7663.126,1288.3468999999998,93,0
LC-16930,42,8,4492.946,288.26600000000025,52,0
LC-16960,437,4,3246.626,299.4802000000001,30,1
LC-17050,55,5,2095.064,86.77799999999998,43,0
LC-17140,14,9,2633.582,231.12519999999998,62,0
LD-16855,553,1,5.304,0.4640999999999999,3,1
LD-17005,415,4,1961.934,557.1714000000001,25,1
LE-16810,22,6,1469.45,161.7649,32,0
LF-17185,23,7,3930.508999999999,-3583.977000000001,69,0
LH-16750,152,3,287.426,12.627700000000017,12,1
LH-16900,22,9,2295.332,526.0726999999999,64,0
LH-17020,240,4,318.239,-242.73989999999998,34,1
LH-17155,386,9,1739.689,316.52019999999993,44,0
LL-16840,250,6,2741.2039999999997,560.0077999999999,50,0
LM-17065,392,5,1346.7740000000001,-44.878,32,1
LO-17170,3,5,644.35,150.1712,34,0
LP-17080,41,4,756.6059999999999,110.78129999999999,39,1
LP-17095,10,7,3653.399,338.44539999999984,52,0
LR-16915,27,6,5142.892,535.4763999999998,64,0
LR-17035,133,5,1879.306,-382.80790000000025,44,0
LS-16945,179,6,2845.2700000000004,-318.7737000000002,51,0
LS-16975,21,9,2988.674,262.63669999999996,63,0
LS-17200,97,6,1010.2560000000001,244.19699999999997,54,0
LS-17230,778,3,368.88000000000005,39.195199999999986,16,1
LS-17245,35,6,1008.1360000000001,348.3584,47,0
LT-16765,27,3,329.876,59.036,8,1
LT-17110,35,8,2936.252,320.9729999999999,63,0
LW-16825,89,5,2238.061,32.576699999999924,50,0
LW-16990,34,6,3230.308,662.8339,38,0
LW-17125,206,3,1259.04,192.63119999999998,15,1
LW-17215,22,7,5420.514,837.2411000000002,59,0
MA-17560,65,11,4299.161,1240.2266,117,0
MA-17995,187,6,2453.284,280.7822,42,0
MB-17305,49,10,1548.702,212.42499999999998,63,0
MB-18085,45,7,1428.2310000000002,117.80569999999997,39,0
MC-17275,77,8,2725.982,461.0013999999998,54,0
MC-17425,400,5,4432.138,1802.3903,48,0
MC-17575,28,8,1303.893,210.74929999999992,40,0
MC-17590,52,6,2426.0669999999996,288.9841000000001,47,0
MC-17605,113,8,2258.192,195.44859999999989,60,0
MC-17635,190,4,795.154,-247.94350000000014,33,1
MC-17845,2,7,3805.714,698.4173999999998,45,0
MC-18100,42,10,2218.98,-64.16680000000008,73,0
MC-18130,370,5,1581.9979999999998,121.75650000000007,34,1
MD-17350,118,7,3766.382,-241.94999999999993,64,0
MD-17860,37,5,1204.91,-4.040300000000052,45,0
ME-17320,43,10,10663.728000000001,1859.4694999999997,82,0
ME-17725,29,8,1908.4532,77.81280000000001,46,0
ME-18010,93,4,1256.9440000000002,107.3604,15,1
MF-17665,422,5,937.0390000000002,-341.5265000000002,36,1
MF-18250,8,5,1758.3,456.8607999999999,38,0
MG-17650,30,7,3785.276,341.8979999999999,57,0
MG-17680,93,4,2350.188,25.8886,25,1
MG-17695,556,3,1342.2820000000002,-398.7932000000001,23,1
MG-17875,117,5,1242.833,-470.7684000000002,23,1
MG-17890,100,9,776.384,171.73719999999994,35,0
MG-18145,85,4,3061.543,-93.6030000000001,42,0
MG-18205,265,1,16.739000000000004,-1.2453000000000018,8,1
MH-17290,120,6,2394.025,28.761199999999995,55,0
MH-17440,377,4,400.016,61.428599999999996,25,1
MH-17455,86,8,2456.1820000000002,484.7733,45,0
MH-17620,156,4,1252.8,122.36120000000007,19,1
MH-17785,99,7,2203.7780000000002,238.56140000000008,42,0
MH-18025,50,5,2984.948,476.9032000000001,31,0
MH-18115,6,9,5503.093,170.9745999999999,79,0
MJ-17740,23,7,6320.746,1054.5528999999997,50,0
MK-17905,29,8,2302.368,-405.35589999999996,73,0
MK-18160,241,4,1031.602,227.83379999999994,43,1
ML-17395,70,9,2722.843,684.9162,72,0
ML-17410,55,6,2921.5,-76.17550000000003,51,0
ML-17755,30,7,2071.9139999999998,409.5111999999998,53,0
ML-18040,80,3,742.082,138.71620000000004,18,1
ML-18265,101,2,162.232,42.6648,7,1
MM-17260,169,4,1314.0230000000001,178.40199999999987,17,1
MM-17920,8,11,3794.0800000000004,82.12499999999997,68,0
MM-18055,62,8,2749.881,-520.3443000000001,73,0
MM-18280,86,9,775.414,58.8916,32,0
MN-17935,35,6,2477.9460000000004,290.82270000000005,36,0
MO-17500,73,4,922.4870000000001,59.35769999999992,15,1
MO-17800,105,8,1687.027,169.34369999999996,49,0
MO-17950,181,2,154.288,-82.00740000000002,14,1
MP-17470,720,7,3206.132,600.2872999999998,77,0
MP-17965,73,9,3983.6420000000003,638.1563,62,0
MP-18175,17,9,5087.92,226.45289999999997,78,0
MR-17545,126,4,639.178,162.93629999999996,29,1
MS-17365,274,10,7443.6900000000005,844.9354999999997,105,0
MS-17530,435,4,475.65599999999995,84.02679999999997,21,1
MS-17710,414,6,1613.402,247.43479999999994,48,0
MS-17770,122,9,3144.678,280.85839999999996,73,0
MS-17830,453,4,370.348,19.431200000000004,14,1
MS-17980,27,6,855.116,55.22600000000001,49,0
MT-17815,50,6,2890.139,509.0068000000001,31,0
MT-18070,204,4,1319.4497999999999,-23.676300000000026,44,1
MV-17485,28,9,1560.0500000000002,189.02579999999995,52,0
MV-18190,20,7,1734.574,273.8582,37,0
MW-18220,18,7,5341.900000000001,1238.422,51,0
MW-18235,45,2,5253.876,1665.5159999999998,13,1
MY-17380,30,7,2254.2850000000003,319.12109999999996,49,0
MY-18295,72,11,4152.696,-371.7111,89,0
MZ-17335,31,4,593.606,85.01909999999997,11,1
MZ-17515,283,6,2564.906,787.7503,39,0
NB-18580,1166,2,273.87199999999996,24.788800000000002,7,1
NB-18655,20,9,1972.599,117.64289999999988,64,0
NC-18340,225,5,2461.404,580.3074999999999,54,0
NC-18415,42,6,2218.99,-2204.8072,38,0
NC-18535,7,7,8241.739,1314.7579999999996,64,0
NC-18625,205,5,1821.7420000000002,-359.02100000000013,29,1
ND-18370,28,9,4326.139,353.64549999999997,63,0
ND-18460,184,6,2893.4550000000004,443.3367999999998,36,0
NF-18385,80,7,8322.826,-1695.9714000000006,52,0
NF-18475,526,4,377.16200000000003,85.92779999999999,13,1
NF-18595,115,7,2031.472,388.21309999999994,55,0
NG-18355,49,5,1869.58,313.6334999999999,45,0
NG-18430,49,5,1395.9379999999999,217.0893,41,0
NH-18610,190,7,2673.29,760.1665999999998,52,0
NK-18490,71,7,572.048,121.2177,51,0
NL-18310,59,4,1418.0900000000001,343.63809999999995,44,0
NM-18445,161,7,6459.344,2751.6848999999997,44,0
NM-18520,245,10,2161.979,788.9525,60,0
NP-18325,26,6,5529.62,1208.8890000000001,77,0
NP-18670,59,5,3908.402,514.6001999999999,46,0
NP-18685,407,6,1228.698,514.5017,23,1
NP-18700,139,7,7903.1825,631.2281999999999,63,0
NR-18550,211,5,2367.277,-25.14880000000005,37,0
NS-18505,7,4,2575.863,-12.304000000000006,52,0
NS-18640,175,13,2964.823,-234.7714000000001,113,0
NW-18400,173,7,7234.014,1023.1229999999998,78,0
NZ-18565,86,9,2488.31,402.4236000000001,77,0
ON-18715,411,9,1567.52,-5.889000000000095,58,0
OT-18730,66,5,3818.624,-925.1203000000003,51,0
PA-19060,104,6,729.408,225.85879999999995,27,1
PB-18805,26,3,740.356,229.2257,54,1
PB-19105,58,4,688.3240000000001,218.15969999999993,18,1
PB-19150,98,8,1456.95,280.66059999999993,54,0
PB-19210,689,2,132.738,21.897,10,1
PC-18745,3,4,1832.064,272.68499999999983,22,0
PC-19000,883,2,1061.488,-184.33640000000008,18,1
PF-19120,836,4,9062.864000000001,-614.2943000000008,75,0
PF-19165,197,6,2770.0,196.87389999999982,34,0
PF-19225,115,5,2206.128,591.3118000000001,32,0
PG-18820,37,13,3086.907,137.4612999999999,83,0
PG-18895,58,9,1987.164,334.51629999999994,61,0
PH-18790,71,1,729.6480000000001,47.887799999999984,6,1
PJ-18835,40,8,1220.0900000000001,442.1355,46,0
PJ-19015,135,7,1824.2340000000002,682.9979000000001,25,0
PK-18910,484,2,1441.1520000000005,-798.7050000000003,14,1
PK-19075,10,12,8646.934000000001,2038.2675999999997,107,0
PL-18925,16,5,239.48100000000005,-0.752699999999999,29,1
PM-18940,387,3,1405.402,157.87679999999992,16,1
PM-19135,52,4,4115.662,526.7537000000002,36,0
PN-18775,31,8,1467.152,192.03959999999995,47,0
PO-18850,5,11,7473.828200000001,38.47569999999979,91,0
PO-18865,1,7,2493.214,437.8533,54,0
PO-19180,161,9,4893.043,1155.4330999999997,65,0
PO-19195,87,5,1056.858,-49.70090000000003,32,1
PP-18955,98,10,7252.608,1495.0853999999997,138,0
PR-18880,37,5,1840.178,247.6225999999999,43,0
PS-18760,108,6,2181.4790000000003,-134.44099999999992,75,0
PS-18970,70,8,1278.639,198.50989999999996,52,0
PS-19045,237,7,6843.634,1742.7296999999996,47,0
PT-19090,72,4,160.572,-20.050800000000017,19,1
PV-18985,90,5,2876.046,434.5284000000001,52,0
PW-19030,47,10,3454.916,803.8168999999999,48,0
PW-19240,465,7,3922.4150000000004,1290.354,39,0
QJ-19255,26,9,6108.338,1203.6768,61,0
RA-19285,6,9,2617.906,546.0881999999999,58,0
RA-19885,44,7,3832.3140000000003,1292.8656,53,0
RA-19915,13,9,4793.543,304.8672999999999,75,0
RA-19945,62,5,1686.9225000000001,-445.6949999999999,27,1
RB-19330,69,2,1008.1959999999999,-164.40619999999996,16,1
RB-19360,97,6,15117.339,6976.095899999999,71,0
RB-19435,20,8,2663.0860000000002,477.2399,66,0
RB-19465,10,12,4715.466,640.5465999999999,85,0
RB-19570,26,5,528.546,76.88789999999999,35,1
RB-19645,649,5,221.084,72.67899999999999,29,1
RB-19705,55,4,2067.45,243.07549999999986,22,1
RB-19795,33,8,5633.316000000001,-461.7332000000002,92,0
RC-19825,370,6,966.409,63.9914,29,1
RC-19960,111,6,885.7520000000001,10.563299999999984,44,0
RD-19480,73,8,4272.93,480.59399999999994,60,0
RD-19585,181,10,2912.8940000000002,734.5158,73,0
RD-19660,115,5,2786.632,835.7719999999999,23,1
RD-19720,22,10,1419.737,207.3304,78,0
RD-19810,15,8,1137.616,318.4625,63,0
RD-19900,115,9,3133.924,455.5291999999999,85,0
RD-19930,43,4,970.9420000000001,35.057400000000015,33,1
RE-19405,1098,1,48.36,6.044999999999995,5,1
RE-19450,303,5,876.696,209.2294,47,1
RF-19345,391,8,3309.15,633.7072,67,0
RF-19735,90,7,2341.2960000000003,711.6168,53,0
RF-19840,7,8,945.222,280.0261,45,0
RH-19495,33,5,3621.3759999999997,563.7876999999999,38,0
RH-19510,468,6,6979.18,1289.4534999999996,43,0
RH-19555,520,2,740.382,0.3056999999999661,11,1
RH-19600,535,3,2085.7400000000002,172.6260999999998,43,1
RK-19300,120,3,1460.192,269.688,29,1
RL-19615,122,8,6234.91,488.1483999999997,101,0
RM-19375,346,6,1453.474,392.14989999999995,29,1
RM-19675,7,5,5979.0960000000005,1902.5438000000001,39,0
RM-19750,300,1,98.35,28.687899999999992,4,1
RO-19780,36,7,3815.478,-1262.5715999999998,48,0
RP-19270,497,4,954.6452,59.538400000000024,47,1
RP-19390,34,12,5153.084000000001,465.25030000000015,88,0
RP-19855,29,8,2170.716,594.5867999999999,61,0
RR-19315,20,2,615.932,-73.83499999999995,7,1
RR-19525,171,6,3302.2619999999997,721.6825999999999,36,0
RS-19420,77,5,3221.29,633.4514,29,0
RS-19765,37,8,4159.7699999999995,1206.3851,54,0
RS-19870,20,2,22.328,9.5838,10,1
RW-19540,121,7,7397.401,1586.6272999999999,89,0
RW-19630,90,9,3279.746,698.8324999999999,53,0
RW-19690,80,5,3495.646,707.5502999999999,61,0
SA-20830,64,10,4767.3415,610.1495999999996,75,0
SB-20170,202,3,1348.02,157.66579999999993,24,1
SB-20185,189,6,6410.996,885.4623999999994,45,0
SB-20290,48,7,8057.8910000000005,-2082.7451000000005,84,0
SC-20020,782,5,3362.9636,-317.05080000000004,62,0
SC-20050,41,9,4624.572,1011.7442999999998,61,0
SC-20095,350,9,14142.333999999999,5757.4119,87,0
SC-20230,150,4,4371.9580000000005,440.1409999999999,49,0
SC-20260,188,8,3729.7929999999997,671.0033999999999,63,0
SC-20305,30,7,3979.065,229.16170000000002,64,0
SC-20380,31,9,5992.536,236.66149999999982,80,0
SC-20440,37,7,1874.998,379.5610999999998,44,0
SC-20575,93,5,902.7280000000001,100.22529999999995,30,1
SC-20680,127,6,1254.64,370.1578,26,1
SC-20695,90,10,2576.408,611.8290999999999,66,0
SC-20725,188,11,5226.21,1276.6513,133,0
SC-20770,42,7,4492.657,-671.1873999999999,75,0
SC-20800,31,4,279.25600000000003,51.8252,11,1
SC-20845,132,2,280.632,31.175699999999985,13,1
SD-20485,201,9,6121.114,1985.1671999999999,82,0
SE-20110,10,11,12209.438000000002,2650.6768999999995,78,0
SF-20065,60,7,763.5459999999999,228.1623,35,0
SF-20200,60,9,3422.786,286.90460000000013,74,0
SF-20965,49,9,3336.5350000000003,539.9352,66,0
SG-20080,9,3,3406.581,570.4379999999999,30,0
SG-20470,184,8,1884.798,-119.01049999999998,62,0
SG-20605,109,6,3124.832,463.269,49,0
SG-20890,227,3,47.946,-3.7073000000000036,17,1
SH-19975,30,13,3406.8395,558.4739999999999,113,0
SH-20395,24,10,2180.718,-144.5229000000002,45,0
SH-20635,766,2,2096.3920000000003,260.62580000000014,16,1
SJ-20125,96,12,3949.656,144.1189,104,0
SJ-20215,30,6,1341.036,-23.513700000000036,35,0
SJ-20500,254,5,1318.776,68.09629999999986,30,1
SK-19990,9,3,883.409,168.7933,19,1
SL-20155,71,7,3053.012,527.9715,30,0
SM-20005,422,4,244.494,-26.592699999999986,26,1
SM-20320,80,5,25043.05,-1980.739300000002,50,0
SM-20905,607,1,1043.0410000000002,-237.28850000000003,20,1
SM-20950,26,12,5563.392,581.5741999999999,94,0
SN-20560,112,6,1860.4179999999997,-716.8565000000001,67,0
SN-20710,80,7,3127.9592,481.74989999999997,89,0
SO-20335,30,6,2602.5755,-81.08580000000003,52,0
SP-20545,328,6,1306.086,-118.77570000000009,43,0
SP-20620,48,9,5440.319,-270.42819999999966,77,0
SP-20650,387,9,1872.4360000000001,268.47819999999996,71,0
SP-20860,80,10,4282.9400000000005,566.7225999999998,80,0
SP-20920,71,6,3990.689,14.692399999999854,57,0
SR-20425,9,5,3233.4810000000007,-3333.914400000001,34,0
SR-20740,197,8,4345.8859999999995,1990.4243999999999,50,0
SS-20140,16,8,1324.028,332.34869999999995,86,0
SS-20410,111,6,3056.807,-1010.9738000000004,46,0
SS-20515,492,3,613.4,199.93449999999996,36,1
SS-20590,433,6,418.49,135.5401,17,1
SS-20875,121,5,964.6360000000001,-75.58600000000008,39,1
ST-20530,126,7,433.34000000000003,84.44189999999998,33,1
SU-20665,21,7,2595.364,763.4719,61,0
SV-20365,102,10,11470.95,1199.4242000000002,109,0
SV-20785,321,9,4105.305,485.0271999999998,91,0
SV-20815,77,4,1271.0900000000001,199.65019999999987,24,1
SV-20935,3,8,1903.491,106.89120000000001,66,0
SW-20245,82,7,1085.078,-19.6062,33,0
SW-20275,31,6,1966.65,332.87249999999995,28,0
SW-20350,163,3,1019.044,95.83829999999998,25,1
SW-20455,163,7,2921.544,793.6547999999999,18,0
SW-20755,535,2,758.6959999999999,68.24159999999995,27,1
SZ-20035,36,11,3625.329,366.43029999999993,69,0
TA-21385,70,4,14595.62,4703.788299999999,36,0
TB-21055,120,5,1467.881,390.2113,66,0
TB-21175,59,4,3589.296,829.1635000000001,36,0
TB-21190,50,4,816.1740000000001,179.00379999999998,23,1
TB-21250,350,7,1602.3760000000002,260.61549999999994,74,0
TB-21280,584,6,2198.45,490.9566999999999,35,0
TB-21355,147,5,834.328,268.967,44,1
TB-21400,203,7,9133.99,2798.3689,55,0
TB-21520,108,9,4737.486,-1603.0451000000003,85,0
TB-21595,286,5,1387.559,-136.4091,29,1
TB-21625,31,9,2797.668,379.8819999999998,60,0
TC-20980,400,5,19052.217999999997,8981.3239,42,0
TC-21145,107,1,1038.26,265.5332,17,1
TC-21295,28,8,4266.812,606.3727000000001,63,0
TC-21475,154,9,1244.976,119.10399999999996,45,0
TC-21535,5,7,742.5580000000001,217.93300000000005,28,0
TD-20995,38,9,1434.5480000000002,88.18969999999999,67,0
TG-21310,338,5,3058.3720000000003,682.1704,30,1
TG-21640,115,4,2074.661,365.7205000000001,50,0
TH-21100,345,5,2422.824,-135.21250000000015,29,1
TH-21115,59,4,2942.772,-252.5539,29,0
TH-21235,118,8,1022.201,92.72899999999997,40,0
TH-21550,73,7,4234.0960000000005,-571.9678,44,0
TM-21010,104,8,2955.2259999999997,573.3012999999999,67,0
TM-21490,131,3,1094.6779999999999,292.521,12,1
TN-21040,91,7,3130.221,-692.0452,48,0
TP-21130,9,9,4454.056,1129.1261,55,0
TP-21415,105,5,5329.0048,-1087.3898000000002,39,0
TP-21565,351,4,1936.6400000000003,139.2286999999999,48,1
TR-21325,194,5,675.9419999999999,220.36439999999996,22,1
TS-21085,358,2,4.833000000000001,-3.3156,4,1
TS-21160,505,6,2163.6240000000003,260.8744,60,0
TS-21205,199,7,5371.09,862.8877000000001,67,0
TS-21340,227,5,974.782,-184.97889999999998,51,1
TS-21370,37,6,11891.751,2371.7144,59,0
TS-21430,173,5,2054.14,48.70169999999998,31,1
TS-21505,12,6,2243.274,11.377899999999983,54,0
TS-21610,56,7,2820.424,-294.6981000000002,44,0
TS-21655,239,5,3368.094,220.91629999999998,52,0
TT-21070,32,7,4915.602,751.9567,66,0
TT-21220,184,8,1427.0439999999999,278.73709999999994,55,0
TT-21265,407,3,439.5,93.9162,8,1
TT-21460,13,7,5364.808,1124.4998999999998,48,0
TW-21025,65,7,5278.826,737.3904999999999,57,0
TZ-21580,36,4,1707.286,224.88869999999991,30,1
VB-21745,55,6,2005.596,371.23979999999995,37,0
VD-21670,582,6,6442.254,1617.7874000000002,71,0
VF-21715,14,5,847.944,-96.27800000000005,35,0
VG-21790,155,6,846.01,143.6268,32,1
VG-21805,287,5,427.372,-52.333,16,1
VM-21685,55,7,2454.866,513.5269,37,0
VM-21835,118,5,380.69,116.6373,25,1
VP-21730,31,3,993.902,205.38879999999995,18,1
VP-21760,76,7,3360.5260000000003,-1018.7768,65,0
VS-21820,222,4,1055.981,-262.80930000000006,38,1
VT-21700,1001,2,1736.596,-224.08890000000008,42,1
VW-21775,29,10,6134.0380000000005,-874.6645000000002,77,0
WB-21850,21,11,6160.102,714.3310999999997,146,0
XP-21865,44,11,2374.658,621.23,100,0
YC-21895,5,5,5454.35,1305.6290000000001,31,0
YS-21880,10,8,6720.4439999999995,1778.2922999999998,58,0
ZC-21910,55,13,8025.707,-1032.149000000001,105,0
ZD-21925,203,5,1493.9440000000002,249.13069999999993,32,1
